,id,startlanguage,D001,D002,D003,D004,D005,M001,M002,M003,T001_SQ001,T001_SQ002,T001_SQ003,T001_SQ004,T001_SQ005,T001_SQ006,T001_SQ007,T001a,T002_SQ001,T002_SQ002,T002_SQ003,T002_SQ004,T002_SQ005,T002_SQ007,T003_SQ001,T003_SQ002,T003_SQ003,T003_SQ004,T003_SQ005,T003a,T004_SQ001,T004_SQ002,T004_SQ003,T004_SQ004,T004_SQ005,T004_SQ006,T004_SQ007,T004a,MM001,WM002_SQ001,WM002_SQ002,WM002_SQ003,WM002_SQ004,WM002_SQ005,WM002_SQ006,WM002_SQ007,WM002_SQ008,WM002a,MM002_SQ001,MM002_SQ002,MM002_SQ003,MM002_SQ004,MM002_SQ005,MM002_SQ006,MM002_SQ007,MM002_SQ008,MM002a,MM003_SQ001,MM003_SQ002,MM003_SQ003,MM003_SQ004,MM003_SQ005,MM003_SQ007,MM003_SQ006,MM003a,MM003b_SQ001,MM003b_SQ002,MM003b_SQ003,MM003b_SQ004,MM003b_SQ005,MM003b_SQ006,MM004_SQ001,MM004_SQ002,MM004_SQ003,MM004_SQ004,MM004_SQ005,MM004a,AC001
1,7,en,36,Female,NA,photographer,USA,Once per week,Less than once per week,30 minutes to 1 hour,Yes,Yes,Not selected,Yes,Not selected,Not selected,Not selected,NA,Take notes for things to remind me,Take notes,NA,have in case of emergency,NA,NA,Not selected,Not selected,Not selected,Yes,Not selected,NA,Not selected,Yes,Yes,Not selected,Not selected,Not selected,Not selected,NA,Never,Yes,Yes,Not selected,Not selected,Not selected,Not selected,Not selected,Not selected,NA,Yes,Not selected,Not selected,Not selected,Yes,Yes,Not selected,Not selected,NA,Not selected,Not selected,Yes,Not selected,Not selected,Not selected,Not selected,NA,NA,NA,Would use since it's easier to write on and take notes while walking,NA,NA,NA,Yes,Yes,Yes,Not selected,Not selected,NA,NA
2,8,en,27,Male,NA,retail,USA,Every day,Several times per week,30 minutes to 1 hour,Not selected,Yes,Not selected,Not selected,Not selected,Not selected,Not selected,NA,NA,some personal use,NA,NA,NA,NA,Not selected,Yes,Yes,Not selected,Not selected,NA,Not selected,Not selected,Yes,Not selected,Yes,Not selected,Not selected,NA,1-4 times per month,Not selected,Yes,Not selected,Not selected,Yes,Not selected,Not selected,Not selected,NA,Not selected,Not selected,Yes,Yes,Yes,Not selected,Not selected,Not selected,NA,Not selected,Yes,Not selected,Not selected,Not selected,Not selected,Not selected,NA,NA,reports sender,NA,NA,NA,NA,Not selected,Yes,Yes,Not selected,Not selected,NA,good one
3,11,en,27,Male,NA,Doordash,USA,Several times per week,Several times per week,1 to 2 hours,Not selected,Yes,Not selected,Yes,Yes,Not selected,Not selected,NA,NA,Take notes/research,NA,Take Notes/downtime,Down time,NA,Not selected,Yes,Not selected,Not selected,Not selected,NA,Not selected,Yes,Yes,Yes,Yes,Not selected,Not selected,NA,Less than once per month,Yes,Not selected,Not selected,Not selected,Not selected,Not selected,Not selected,Not selected,NA,Not selected,Not selected,Not selected,Yes,Not selected,Not selected,Not selected,Not selected,NA,Not selected,Not selected,Not selected,Yes,Not selected,Not selected,Not selected,NA,NA,NA,NA,downtime/reasearch/taking notes,NA,NA,Not selected,Yes,Yes,Yes,Not selected,NA,NA
4,12,en,25,Male,NA,Driver,USA,Several times per week,Less than once per week,30 minutes to 1 hour,Yes,Yes,Not selected,Yes,Not selected,Not selected,Not selected,NA,Writing quick notes or comments,Bring up any powerpoints,NA,Texts,NA,NA,Not selected,Not selected,Not selected,Yes,Not selected,NA,Not selected,Yes,Yes,Not selected,Not selected,Not selected,Not selected,NA,Less than once per month,Not selected,Not selected,Yes,Not selected,Not selected,Not selected,Not selected,Not selected,NA,Not selected,Yes,Not selected,Not selected,Not selected,Not selected,Not selected,Not selected,NA,Not selected,Not selected,Not selected,Yes,Not selected,Not selected,Not selected,NA,NA,NA,NA,For any note taking on the go,NA,NA,Not selected,Yes,Yes,Yes,Not selected,NA,NA
5,13,en,37,Female,NA,translator,usa,Once per week,Once per week,Less than 30 minutes,Not selected,Yes,Not selected,Not selected,Not selected,Not selected,Not selected,NA,NA,taking notes,NA,NA,NA,NA,Not selected,Yes,Not selected,Not selected,Not selected,NA,Not selected,Not selected,Yes,Not selected,Not selected,Not selected,Not selected,NA,Never,Not selected,Yes,Not selected,Not selected,Not selected,Not selected,Not selected,Not selected,NA,Not selected,Not selected,Not selected,Not selected,Not selected,Yes,Not selected,Not selected,NA,Not selected,Not selected,Not selected,Not selected,Not selected,Yes,Not selected,NA,NA,NA,NA,NA,NA,NA,Not selected,Yes,Not selected,Not selected,Not selected,NA,NA
6,14,en,38,Male,NA,cook,United States,Several times per week,Once per week,Less than 30 minutes,Not selected,Not selected,Not selected,Yes,Not selected,Not selected,Not selected,NA,NA,NA,NA,research and notetaking,NA,NA,Not selected,Yes,Not selected,Not selected,Not selected,NA,Not selected,Not selected,Not selected,Not selected,Yes,Not selected,Not selected,NA,Less than once per month,Yes,Not selected,Not selected,Not selected,Not selected,Not selected,Not selected,Not selected,NA,Not selected,Not selected,Not selected,Yes,Not selected,Not selected,Not selected,Not selected,NA,Not selected,Not selected,Not selected,Yes,Not selected,Not selected,Not selected,NA,NA,NA,NA,notes,NA,NA,Yes,Yes,Yes,Yes,Not selected,NA,NA
7,17,en,31,Male,NA,QA,USA,Several times per week,Several times per week,Less than 30 minutes,Yes,Not selected,Not selected,Yes,Not selected,Not selected,Not selected,NA,take notes,NA,NA,getting info,NA,NA,Not selected,Yes,Not selected,Not selected,Not selected,NA,Not selected,Yes,Not selected,Not selected,Yes,Not selected,Not selected,NA,Never,Not selected,Yes,Not selected,Not selected,Not selected,Not selected,Not selected,Not selected,NA,Yes,Not selected,Yes,Yes,Not selected,Yes,Yes,Not selected,NA,Not selected,Not selected,Not selected,Yes,Not selected,Not selected,Not selected,NA,NA,NA,NA,record and get info,NA,NA,Not selected,Yes,Not selected,Yes,Not selected,NA,NA
8,18,en,41,Male,NA,Delivery Driver,United States,Once per week,Less than once per week,30 minutes to 1 hour,Yes,Yes,Not selected,Yes,Not selected,Not selected,Not selected,NA,To take basic notes and make too lists,To reference materials or look up answers,NA,To monitor my email and text messages,NA,NA,Not selected,Yes,Not selected,Not selected,Not selected,NA,Not selected,Yes,Not selected,Not selected,Not selected,Not selected,Not selected,NA,Never,Not selected,Yes,Not selected,Not selected,Not selected,Not selected,Not selected,Not selected,NA,Yes,Not selected,Not selected,Yes,Not selected,Not selected,Not selected,Not selected,NA,Not selected,Not selected,Not selected,Yes,Not selected,Not selected,Not selected,NA,NA,NA,NA,Monitoring email and text messages and making notes if needed,NA,NA,Not selected,Yes,Yes,Not selected,Not selected,NA,NA
9,20,en,32,Male,NA,retail,USA,Several times per week,Every day,30 minutes to 1 hour,Not selected,Not selected,Not selected,Not selected,Not selected,Yes,Not selected,NA,NA,NA,NA,NA,NA,NA,Yes,Not selected,Not selected,Not selected,Not selected,NA,Yes,Not selected,Not selected,Not selected,Not selected,Not selected,Not selected,NA,1-4 times per month,Yes,Not selected,Not selected,Yes,Not selected,Not selected,Not selected,Not selected,NA,Yes,Yes,Not selected,Not selected,Not selected,Not selected,Not selected,Not selected,NA,Not selected,Not selected,Not selected,Not selected,Not selected,Yes,Not selected,NA,NA,NA,NA,NA,NA,NA,Yes,Not selected,Not selected,Not selected,Not selected,NA,NA
10,21,en,29,Male,NA,Finance manager,United States,Less than once per week,Less than once per week,Less than 30 minutes,Not selected,Not selected,Not selected,Yes,Not selected,Not selected,Not selected,NA,NA,NA,NA,Enhancing video calls and online chats,NA,NA,Not selected,Yes,Not selected,Yes,Not selected,NA,Not selected,Yes,Not selected,Not selected,Not selected,Yes,Not selected,NA,Never,Not selected,Yes,Yes,Yes,Not selected,Not selected,Not selected,Not selected,NA,Yes,Yes,Not selected,Not selected,Yes,Yes,Not selected,Not selected,NA,Not selected,Not selected,Yes,Yes,Yes,Not selected,Not selected,NA,NA,NA,Video calling,Phone calling,To record sounds,NA,Yes,Yes,Yes,Not selected,Not selected,NA,NA
11,22,en,30,Male,NA,tax prep,USA,Less than once per week,Less than once per week,Less than 30 minutes,Yes,Yes,Not selected,Yes,Not selected,Not selected,Not selected,NA,taking notes,looking things up,NA,"nothing, I just always have it with me",NA,NA,Not selected,Not selected,Not selected,Yes,Not selected,NA,Not selected,Yes,Yes,Not selected,Not selected,Not selected,Not selected,NA,Never,Yes,Yes,Not selected,Not selected,Not selected,Not selected,Not selected,Not selected,NA,Yes,Not selected,Not selected,Not selected,Yes,Not selected,Not selected,Not selected,NA,Not selected,Not selected,Not selected,Yes,Not selected,Not selected,Not selected,NA,NA,NA,NA,"nothing, it would just be with me",NA,NA,Not selected,Yes,Yes,Not selected,Not selected,NA,NA
12,23,en,23,Male,NA,engineer,USA,Once per week,Once per week,Less than 30 minutes,Not selected,Not selected,Yes,Not selected,Yes,Not selected,Not selected,NA,NA,NA,to show image of new tool or new technique to solve mechanical fault,NA,to hear the voice note of general manager if not around.,NA,Not selected,Yes,Yes,Not selected,Not selected,NA,Not selected,Yes,Yes,Not selected,Not selected,Not selected,Not selected,NA,1-4 times per month,Yes,Yes,Not selected,Yes,Not selected,Not selected,Not selected,Not selected,NA,Yes,Not selected,Not selected,Not selected,Not selected,Yes,Not selected,Not selected,NA,Not selected,Not selected,Not selected,Yes,Not selected,Not selected,Not selected,NA,NA,NA,NA,to write short note on my message draft.,NA,NA,Yes,Yes,Not selected,Yes,Not selected,NA,NA
13,24,en,25,Male,NA,food analyst,USA,Several times per week,Several times per week,30 minutes to 1 hour,Not selected,Yes,Yes,Not selected,Not selected,Not selected,Not selected,NA,NA,visual interactions,taking notes,NA,NA,NA,Not selected,Not selected,Yes,Not selected,Not selected,NA,Not selected,Not selected,Not selected,Yes,Not selected,Not selected,Not selected,NA,Less than once per month,Not selected,Yes,Not selected,Not selected,Not selected,Not selected,Not selected,Not selected,NA,Yes,Not selected,Not selected,Not selected,Not selected,Not selected,Not selected,Not selected,NA,Not selected,Not selected,Not selected,Not selected,Yes,Not selected,Not selected,NA,NA,NA,NA,NA,recording conversations,NA,Not selected,Yes,Not selected,Not selected,Not selected,NA,NA
14,25,en,68,Male,NA,manager,washington,Less than once per week,Once per week,Less than 30 minutes,Not selected,Yes,Not selected,Not selected,Not selected,Not selected,Not selected,NA,NA,my persnal meeting,NA,NA,NA,NA,Not selected,Yes,Not selected,Not selected,Not selected,NA,Not selected,Not selected,Yes,Not selected,Not selected,Not selected,Not selected,NA,Less than once per month,Not selected,Yes,Not selected,Not selected,Not selected,Yes,Not selected,Not selected,NA,Not selected,Not selected,Yes,Not selected,Not selected,Not selected,Not selected,Not selected,NA,Not selected,Yes,Not selected,Not selected,Not selected,Not selected,Not selected,NA,NA,my persnal,NA,NA,NA,NA,Not selected,Yes,Not selected,Not selected,Not selected,NA,nice
15,26,en,28,Male,NA,date entry,USA,Once per week,Several times per week,1 to 2 hours,Not selected,Yes,Not selected,Yes,Not selected,Not selected,Not selected,NA,NA,jop,NA,facebook,NA,NA,Not selected,Yes,Not selected,Not selected,Not selected,NA,Not selected,Not selected,Yes,Not selected,Not selected,Not selected,Not selected,NA,1-4 times per month,Yes,Not selected,Not selected,Not selected,Not selected,Not selected,Not selected,Not selected,NA,Not selected,Not selected,Not selected,Not selected,Not selected,Yes,Not selected,Not selected,NA,Not selected,Yes,Not selected,Not selected,Not selected,Not selected,Not selected,NA,NA,work,NA,NA,NA,NA,Not selected,Not selected,Yes,Not selected,Not selected,NA,good
16,27,en,40,Male,NA,Restaurant Supervisor,United States,Several times per week,Less than once per week,30 minutes to 1 hour,Yes,Not selected,Not selected,Yes,Not selected,Not selected,Not selected,NA,I take notes on deadlines and new procedures.,NA,NA,Taking down important phone numbers I may need,NA,NA,Not selected,Yes,Not selected,Not selected,Not selected,NA,Not selected,Yes,Not selected,Not selected,Not selected,Not selected,Not selected,NA,Never,Yes,Not selected,Not selected,Yes,Not selected,Not selected,Not selected,Not selected,NA,Yes,Not selected,Not selected,Not selected,Not selected,Yes,Not selected,Not selected,NA,Not selected,Not selected,Not selected,Yes,Not selected,Not selected,Not selected,NA,NA,NA,NA,Taking notes,NA,NA,Not selected,Yes,Yes,Not selected,Not selected,NA,NA
17,28,en,29,Female,NA,manager,USA,Less than once per week,Less than once per week,30 minutes to 1 hour,Not selected,Yes,Not selected,Not selected,Not selected,Not selected,Not selected,NA,NA,taking notes,NA,NA,NA,NA,Not selected,Yes,Not selected,Not selected,Not selected,NA,Not selected,Not selected,Yes,Not selected,Not selected,Not selected,Not selected,NA,Less than once per month,Not selected,Yes,Not selected,Not selected,Not selected,Not selected,Not selected,Not selected,NA,Yes,Not selected,Not selected,Not selected,Not selected,Not selected,Not selected,Not selected,NA,Not selected,Yes,Not selected,Not selected,Not selected,Not selected,Not selected,NA,NA,taking notes,NA,NA,NA,NA,Yes,Yes,Not selected,Not selected,Not selected,NA,NA
18,30,en,35,Male,NA,Information Technology,United States,Once per week,Several times per week,Less than 30 minutes,Yes,Yes,Not selected,Yes,Not selected,Not selected,Not selected,NA,"Taking notes, marking information handouts, and signing papers.",Looking up information and referencing information.,NA,"Adding information to contacts, calendar, etc.",NA,NA,Not selected,Not selected,Not selected,Yes,Not selected,NA,Not selected,Yes,Yes,Not selected,Yes,Not selected,Not selected,NA,Less than once per month,Yes,Yes,Not selected,Yes,Yes,Yes,Yes,Not selected,NA,Yes,Yes,Yes,Not selected,Yes,Not selected,Not selected,Not selected,NA,Not selected,Not selected,Not selected,Yes,Not selected,Not selected,Not selected,NA,NA,NA,NA,"Looking up information, writing notes and recording notes.",NA,NA,Yes,Yes,Yes,Yes,Not selected,NA,NA
19,31,en,26,Male,NA,Self Employed,United States of America,Less than once per week,Less than once per week,Less than 30 minutes,Yes,Not selected,Not selected,Yes,Not selected,Not selected,Not selected,NA,To take any notes that might be important.,NA,NA,To have on me in case someone outside the meeting needs to contact me.,NA,NA,Not selected,Yes,Not selected,Not selected,Not selected,NA,Not selected,Yes,Not selected,Not selected,Not selected,Not selected,Not selected,NA,Never,Yes,Yes,Not selected,Not selected,Not selected,Not selected,Not selected,Not selected,NA,Yes,Yes,Yes,Not selected,Yes,Not selected,Not selected,Not selected,NA,Not selected,Not selected,Not selected,Yes,Not selected,Not selected,Not selected,NA,NA,NA,NA,So that I could be contacted if need be.,NA,NA,Not selected,Not selected,Not selected,Yes,Not selected,NA,NA
20,32,en,28,Male,NA,matketing,usa,Once per week,Several times per week,30 minutes to 1 hour,Not selected,Yes,Not selected,Not selected,Not selected,Not selected,Not selected,NA,NA,nothing,NA,NA,NA,NA,Not selected,Yes,Not selected,Not selected,Not selected,NA,Not selected,Not selected,Yes,Not selected,Not selected,Not selected,Not selected,NA,Less than once per month,Not selected,Yes,Not selected,Not selected,Not selected,Not selected,Not selected,Not selected,NA,Yes,Not selected,Not selected,Not selected,Not selected,Not selected,Not selected,Not selected,NA,Not selected,Yes,Not selected,Not selected,Not selected,Not selected,Not selected,NA,NA,nothing,NA,NA,NA,NA,Not selected,Yes,Not selected,Not selected,Not selected,NA,good survey
21,33,en,50,Female,NA,Small business owner,US,Multiple times per day,Multiple times per day,30 minutes to 1 hour,Not selected,Yes,Not selected,Yes,Not selected,Not selected,Not selected,NA,NA,zoom google hanout,NA,facetime,NA,NA,Not selected,Not selected,Not selected,Yes,Not selected,NA,Not selected,Yes,Not selected,Not selected,Not selected,Not selected,Not selected,NA,Less than once per month,Yes,Yes,Not selected,Not selected,Not selected,Not selected,Not selected,Not selected,NA,Not selected,Not selected,Not selected,Not selected,Yes,Not selected,Not selected,Not selected,NA,Not selected,Not selected,Not selected,Yes,Not selected,Not selected,Not selected,NA,NA,NA,NA,google hangouts and facetime,NA,NA,Yes,Yes,Yes,Not selected,Not selected,NA,NA
22,34,en,33,Male,NA,stocker,united states,Every day,Several times per week,1 to 2 hours,Not selected,Yes,Not selected,Not selected,Not selected,Not selected,Not selected,NA,NA,to recording information and type in letters.,NA,NA,NA,NA,Not selected,Yes,Not selected,Not selected,Not selected,NA,Not selected,Not selected,Yes,Not selected,Not selected,Not selected,Not selected,NA,Less than once per month,Not selected,Yes,Yes,Not selected,Not selected,Not selected,Not selected,Not selected,NA,Not selected,Not selected,Yes,Not selected,Not selected,Not selected,Not selected,Not selected,NA,Not selected,Not selected,Not selected,Not selected,Not selected,Yes,Not selected,NA,NA,NA,NA,NA,NA,NA,Not selected,Yes,Not selected,Not selected,Not selected,NA,NA
23,35,en,36,Male,NA,sales,usa,Every day,Every day,30 minutes to 1 hour,Not selected,Yes,Not selected,Not selected,Not selected,Not selected,Not selected,NA,NA,note taking or showing something,NA,NA,NA,NA,Not selected,Yes,Not selected,Yes,Not selected,NA,Not selected,Not selected,Yes,Not selected,Not selected,Not selected,Not selected,NA,Less than once per month,Yes,Yes,Not selected,Not selected,Not selected,Not selected,Not selected,Not selected,NA,Not selected,Yes,Yes,Not selected,Yes,Not selected,Not selected,Not selected,NA,Not selected,Not selected,Not selected,Not selected,Not selected,Yes,Not selected,NA,NA,NA,NA,NA,NA,NA,Yes,Yes,Yes,Not selected,Not selected,NA,NA
24,36,en,56,Female,NA,local gvt clerk,USA,Once per week,Less than once per week,30 minutes to 1 hour,Yes,Not selected,Not selected,Not selected,Not selected,Not selected,Not selected,NA,writing a few reminders,NA,NA,NA,NA,NA,Not selected,Yes,Not selected,Not selected,Not selected,NA,Not selected,Yes,Not selected,Not selected,Not selected,Not selected,Not selected,NA,Never,Yes,Yes,Not selected,Not selected,Not selected,Not selected,Not selected,Not selected,NA,Not selected,Not selected,Not selected,Not selected,Yes,Not selected,Not selected,Yes,too many distractions,Yes,Not selected,Not selected,Not selected,Not selected,Not selected,Not selected,NA,write notes,NA,NA,NA,NA,NA,Not selected,Yes,Yes,Not selected,Not selected,NA,NA
25,37,en,31,Male,NA,Analyst,USA,Every day,Several times per week,30 minutes to 1 hour,Not selected,Yes,Not selected,Not selected,Not selected,Not selected,Not selected,NA,NA,"note taking, checking emails",NA,NA,NA,NA,Not selected,Yes,Not selected,Not selected,Not selected,NA,Not selected,Not selected,Yes,Not selected,Not selected,Not selected,Not selected,NA,Never,Yes,Yes,Not selected,Not selected,Not selected,Not selected,Not selected,Not selected,NA,Not selected,Not selected,Not selected,Yes,Not selected,Not selected,Not selected,Not selected,NA,Not selected,Not selected,Not selected,Not selected,Not selected,Yes,Not selected,NA,NA,NA,NA,NA,NA,NA,Not selected,Yes,Not selected,Not selected,Not selected,NA,NA
26,38,en,39,Male,NA,reshipping supervisor,united states,Every day,Every day,Less than 30 minutes,Not selected,Not selected,Not selected,Not selected,Not selected,Yes,Not selected,NA,NA,NA,NA,NA,NA,NA,Yes,Not selected,Not selected,Not selected,Not selected,NA,Yes,Not selected,Not selected,Not selected,Not selected,Not selected,Not selected,NA,Never,Yes,Yes,Yes,Yes,Yes,Not selected,Yes,Not selected,NA,Not selected,Not selected,Not selected,Not selected,Yes,Not selected,Not selected,Not selected,NA,Not selected,Not selected,Not selected,Not selected,Not selected,Yes,Not selected,NA,NA,NA,NA,NA,NA,NA,Yes,Yes,Yes,Yes,Not selected,NA,none really
27,39,en,35,Female,NA,Financial Analyst,United States,Once per week,Less than once per week,30 minutes to 1 hour,Yes,Not selected,Not selected,Not selected,Not selected,Not selected,Not selected,NA,taking notes on important information given in the meeting.,NA,NA,NA,NA,NA,Not selected,Yes,Not selected,Not selected,Not selected,NA,Not selected,Yes,Not selected,Not selected,Not selected,Not selected,Not selected,NA,Less than once per month,Yes,Not selected,Not selected,Not selected,Not selected,Not selected,Yes,Not selected,NA,Yes,Yes,Not selected,Not selected,Not selected,Not selected,Not selected,Not selected,NA,Not selected,Not selected,Not selected,Not selected,Not selected,Yes,Not selected,NA,NA,NA,NA,NA,NA,NA,Not selected,Yes,Yes,Not selected,Not selected,NA,NA
28,40,en,43,Male,NA,Professor,USA,Less than once per week,Less than once per week,Less than 30 minutes,Yes,Yes,Not selected,Not selected,Not selected,Not selected,Not selected,NA,taking notes,googling things,NA,NA,NA,NA,Not selected,Yes,Not selected,Not selected,Not selected,NA,Not selected,Yes,Not selected,Not selected,Not selected,Not selected,Not selected,NA,Never,Yes,Yes,Not selected,Not selected,Not selected,Not selected,Not selected,Not selected,NA,Not selected,Not selected,Not selected,Yes,Not selected,Not selected,Not selected,Not selected,NA,Not selected,Not selected,Not selected,Yes,Not selected,Not selected,Not selected,NA,NA,NA,NA,notes,NA,NA,Not selected,Yes,Not selected,Not selected,Not selected,NA,NA
29,41,en,28,Male,NA,nurse,USA,Less than once per week,Less than once per week,Less than 30 minutes,Not selected,Not selected,Not selected,Not selected,Not selected,Yes,Not selected,NA,NA,NA,NA,NA,NA,NA,Yes,Not selected,Not selected,Not selected,Not selected,NA,Yes,Not selected,Not selected,Not selected,Not selected,Not selected,Not selected,NA,Never,Yes,Not selected,Not selected,Not selected,Not selected,Not selected,Not selected,Not selected,NA,Not selected,Yes,Not selected,Yes,Yes,Not selected,Not selected,Not selected,NA,Not selected,Not selected,Not selected,Yes,Not selected,Not selected,Not selected,NA,NA,NA,NA,record voice notes,NA,NA,Not selected,Not selected,Yes,Not selected,Not selected,NA,NA
30,42,en,25,Male,NA,manager,us,Several times per week,Several times per week,30 minutes to 1 hour,Not selected,Yes,Not selected,Not selected,Not selected,Not selected,Not selected,NA,NA,5,NA,NA,NA,NA,Not selected,Yes,Not selected,Not selected,Not selected,NA,Not selected,Not selected,Yes,Not selected,Not selected,Not selected,Not selected,NA,1-4 times per month,Not selected,Not selected,Yes,Not selected,Not selected,Not selected,Not selected,Not selected,NA,Not selected,Yes,Not selected,Not selected,Not selected,Not selected,Not selected,Not selected,NA,Not selected,Not selected,Not selected,Not selected,Not selected,Yes,Not selected,NA,NA,NA,NA,NA,NA,NA,Not selected,Not selected,Yes,Not selected,Not selected,NA,NA
31,44,en,28,Male,NA,construction,usa,Several times per week,Once per week,Less than 30 minutes,Not selected,Yes,Not selected,Not selected,Not selected,Not selected,Not selected,NA,NA,"presentation, taking notes",NA,NA,NA,NA,Not selected,Yes,Not selected,Not selected,Not selected,NA,Not selected,Not selected,Yes,Not selected,Not selected,Not selected,Not selected,NA,1-4 times per month,Not selected,Yes,Not selected,Not selected,Not selected,Not selected,Not selected,Not selected,NA,Not selected,Not selected,Not selected,Not selected,Yes,Not selected,Not selected,Not selected,NA,Not selected,Yes,Not selected,Not selected,Not selected,Not selected,Not selected,NA,NA,notes,NA,NA,NA,NA,Not selected,Yes,Not selected,Not selected,Not selected,NA,NA
32,45,en,33,Male,NA,data entry,United States,Less than once per week,Less than once per week,Less than 30 minutes,Yes,Not selected,Not selected,Not selected,Not selected,Not selected,Not selected,NA,taking notes,NA,NA,NA,NA,NA,Not selected,Yes,Not selected,Not selected,Not selected,NA,Not selected,Yes,Not selected,Not selected,Not selected,Not selected,Not selected,NA,Never,Not selected,Yes,Not selected,Not selected,Not selected,Not selected,Not selected,Not selected,NA,Not selected,Not selected,Not selected,Not selected,Not selected,Not selected,Yes,Not selected,NA,Not selected,Not selected,Not selected,Not selected,Not selected,Yes,Not selected,NA,NA,NA,NA,NA,NA,NA,Not selected,Yes,Not selected,Not selected,Not selected,NA,NA
33,47,en,31,Male,NA,customer care executive,USA,Once per week,Once per week,1 to 2 hours,Not selected,Yes,Not selected,Yes,Not selected,Not selected,Not selected,NA,NA,Write up,NA,post messages,NA,NA,Not selected,Not selected,Not selected,Yes,Not selected,NA,Not selected,Not selected,Yes,Not selected,Not selected,Not selected,Not selected,NA,Never,Not selected,Yes,Not selected,Not selected,Not selected,Not selected,Not selected,Not selected,NA,Yes,Not selected,Not selected,Not selected,Not selected,Not selected,Not selected,Not selected,NA,Not selected,Not selected,Not selected,Yes,Not selected,Not selected,Not selected,NA,NA,NA,NA,posting information,NA,NA,Not selected,Yes,Not selected,Not selected,Not selected,NA,NA
34,48,en,26,Female,NA,Vet Tech,USA,Several times per week,Several times per week,30 minutes to 1 hour,Not selected,Yes,Not selected,Not selected,Not selected,Not selected,Not selected,NA,NA,Note taking,NA,NA,NA,NA,Not selected,Yes,Not selected,Not selected,Not selected,NA,Not selected,Not selected,Yes,Not selected,Not selected,Not selected,Not selected,NA,Never,Yes,Not selected,Not selected,Not selected,Not selected,Not selected,Not selected,Not selected,NA,Yes,Not selected,Not selected,Not selected,Not selected,Not selected,Not selected,Not selected,NA,Not selected,Yes,Not selected,Not selected,Not selected,Not selected,Not selected,NA,NA,note taking,NA,NA,NA,NA,Not selected,Not selected,Not selected,Yes,Not selected,NA,NA
35,49,en,38,Male,NA,cook,United States,Several times per week,Every day,Less than 30 minutes,Not selected,Not selected,Not selected,Yes,Not selected,Not selected,Not selected,NA,NA,NA,NA,notes,NA,NA,Not selected,Yes,Not selected,Not selected,Not selected,NA,Not selected,Not selected,Not selected,Not selected,Yes,Not selected,Not selected,NA,Never,Yes,Not selected,Not selected,Not selected,Not selected,Not selected,Not selected,Not selected,NA,Not selected,Not selected,Not selected,Yes,Not selected,Not selected,Not selected,Not selected,NA,Not selected,Not selected,Not selected,Yes,Not selected,Not selected,Not selected,NA,NA,NA,NA,notes,NA,NA,Yes,Yes,Not selected,Yes,Not selected,NA,NA
36,50,en,24,Male,NA,Account Officer,USA,Every day,Less than once per week,1 to 2 hours,Not selected,Yes,Not selected,Not selected,Not selected,Not selected,Not selected,NA,NA,Work,NA,NA,NA,NA,Not selected,Yes,Not selected,Not selected,Not selected,NA,Yes,Not selected,Not selected,Not selected,Not selected,Not selected,Not selected,NA,1-4 times per month,Yes,Not selected,Not selected,Not selected,Not selected,Not selected,Not selected,Not selected,NA,Not selected,Yes,Not selected,Not selected,Not selected,Not selected,Not selected,Not selected,NA,Not selected,Yes,Not selected,Not selected,Not selected,Not selected,Not selected,NA,NA,Taking notes,NA,NA,NA,NA,Not selected,Not selected,Yes,Not selected,Not selected,NA,NA
37,51,en,36,Male,NA,sales,usa,Every day,Every day,30 minutes to 1 hour,Not selected,Yes,Not selected,Not selected,Not selected,Not selected,Not selected,NA,NA,notes,NA,NA,NA,NA,Not selected,Yes,Not selected,Not selected,Not selected,NA,Not selected,Yes,Yes,Not selected,Not selected,Not selected,Not selected,NA,1-4 times per month,Not selected,Yes,Not selected,Not selected,Yes,Yes,Not selected,Not selected,NA,Not selected,Not selected,Not selected,Not selected,Yes,Not selected,Not selected,Not selected,NA,Not selected,Not selected,Not selected,Yes,Not selected,Not selected,Not selected,NA,NA,NA,NA,notes,NA,NA,Yes,Yes,Yes,Yes,Not selected,NA,NA
38,55,en,27,Male,NA,IT,USA,Every day,Every day,30 minutes to 1 hour,Not selected,Not selected,Not selected,Not selected,Not selected,Yes,Not selected,NA,NA,NA,NA,NA,NA,NA,Yes,Not selected,Not selected,Not selected,Not selected,NA,Yes,Not selected,Not selected,Not selected,Not selected,Not selected,Not selected,NA,Less than once per month,Not selected,Yes,Not selected,Not selected,Not selected,Not selected,Not selected,Not selected,NA,Not selected,Not selected,Not selected,Not selected,Not selected,Yes,Not selected,Not selected,NA,Not selected,Not selected,Not selected,Not selected,Not selected,Yes,Not selected,NA,NA,NA,NA,NA,NA,NA,Not selected,Yes,Yes,Not selected,Not selected,NA,NA
39,56,en,35,Male,NA,Information Technology,United States,Several times per week,Several times per week,Less than 30 minutes,Yes,Yes,Not selected,Yes,Not selected,Not selected,Not selected,NA,taking notes,"looking up information, taking notes",NA,"editing calendar/todo, texting",NA,NA,Not selected,Not selected,Not selected,Yes,Not selected,NA,Not selected,Yes,Yes,Not selected,Not selected,Not selected,Not selected,NA,Less than once per month,Yes,Yes,Not selected,Yes,Yes,Yes,Yes,Not selected,NA,Yes,Yes,Yes,Not selected,Yes,Not selected,Not selected,Not selected,NA,Yes,Not selected,Yes,Yes,Yes,Not selected,Not selected,NA,taking notes,NA,"looking up information, taking notes","editing calendar, taking notes, recording, texting",recording notes,NA,Yes,Yes,Yes,Yes,Not selected,NA,None
40,57,en,33,Male,NA,stocker,united states,Every day,Several times per week,30 minutes to 1 hour,Not selected,Not selected,Not selected,Not selected,Not selected,Yes,Not selected,NA,NA,NA,NA,NA,NA,NA,Not selected,Not selected,Not selected,Yes,Not selected,NA,Not selected,Yes,Not selected,Not selected,Not selected,Not selected,Not selected,NA,1-4 times per month,Not selected,Not selected,Not selected,Yes,Not selected,Not selected,Not selected,Not selected,NA,Not selected,Not selected,Not selected,Not selected,Yes,Not selected,Not selected,Not selected,NA,Not selected,Not selected,Not selected,Not selected,Not selected,Yes,Not selected,NA,NA,NA,NA,NA,NA,NA,Not selected,Yes,Not selected,Not selected,Not selected,NA,NA
41,58,en,25,Male,NA,Driver,USA,Less than once per week,Less than once per week,Less than 30 minutes,Yes,Yes,Not selected,Not selected,Not selected,Not selected,Not selected,NA,Use it for quick notes,Using the webcam,NA,NA,NA,NA,Not selected,Yes,Not selected,Not selected,Not selected,NA,Not selected,Yes,Not selected,Not selected,Not selected,Not selected,Not selected,NA,Less than once per month,Yes,Not selected,Not selected,Not selected,Not selected,Not selected,Not selected,Not selected,NA,Not selected,Not selected,Yes,Not selected,Not selected,Not selected,Not selected,Not selected,NA,Not selected,Yes,Not selected,Not selected,Not selected,Not selected,Not selected,NA,NA,Everything,NA,NA,NA,NA,Not selected,Yes,Not selected,Not selected,Not selected,NA,NA
42,59,en,30,Female,NA,Cashier,United States,Once per week,Once per week,30 minutes to 1 hour,Yes,Not selected,Yes,Not selected,Not selected,Not selected,Not selected,NA,writing notes,NA,if I have to google something,NA,NA,NA,Not selected,Yes,Not selected,Not selected,Not selected,NA,Not selected,Yes,Not selected,Not selected,Not selected,Not selected,Not selected,NA,1-4 times per month,Not selected,Not selected,Yes,Yes,Not selected,Not selected,Not selected,Not selected,NA,Not selected,Not selected,Yes,Not selected,Not selected,Not selected,Not selected,Not selected,NA,Not selected,Not selected,Not selected,Not selected,Yes,Not selected,Not selected,NA,NA,NA,NA,NA,so I don't have to write anything,NA,Not selected,Yes,Not selected,Yes,Not selected,NA,fun study
43,62,en,28,Female,NA,teacher,United States,Several times per week,Several times per week,30 minutes to 1 hour,Not selected,Yes,Not selected,Yes,Not selected,Not selected,Not selected,NA,NA,"taking notes, checking slides or data",NA,messages,NA,NA,Not selected,Not selected,Not selected,Yes,Not selected,NA,Not selected,Not selected,Yes,Not selected,Not selected,Not selected,Not selected,NA,Never,Yes,Yes,Not selected,Not selected,Yes,Not selected,Not selected,Not selected,NA,Yes,Not selected,Yes,Not selected,Not selected,Not selected,Yes,Not selected,NA,Not selected,Not selected,Not selected,Yes,Not selected,Not selected,Not selected,NA,NA,NA,NA,taking notes,NA,NA,Yes,Not selected,Not selected,Yes,Not selected,NA,NA
44,63,en,36,Male,NA,art,USA,Once per week,Several times per week,Less than 30 minutes,Not selected,Yes,Not selected,Not selected,Not selected,Not selected,Not selected,NA,NA,doing work,NA,NA,NA,NA,Not selected,Yes,Not selected,Not selected,Not selected,NA,Not selected,Not selected,Yes,Not selected,Not selected,Not selected,Not selected,NA,1-4 times per month,Not selected,Not selected,Yes,Not selected,Not selected,Not selected,Not selected,Not selected,NA,Not selected,Not selected,Not selected,Yes,Not selected,Not selected,Not selected,Not selected,NA,Not selected,Yes,Not selected,Not selected,Not selected,Not selected,Not selected,NA,NA,takingnotes,NA,NA,NA,NA,Not selected,Yes,Not selected,Not selected,Not selected,NA,NA
45,64,en,33,Male,NA,devops,usa,Once per week,Once per week,30 minutes to 1 hour,Not selected,Yes,Not selected,Not selected,Not selected,Not selected,Not selected,NA,NA,notes and  research,NA,NA,NA,NA,Not selected,Yes,Not selected,Not selected,Not selected,NA,Not selected,Not selected,Yes,Not selected,Not selected,Not selected,Not selected,NA,Never,Not selected,Yes,Not selected,Not selected,Not selected,Not selected,Not selected,Not selected,NA,Yes,Not selected,Not selected,Not selected,Not selected,Not selected,Not selected,Not selected,NA,Not selected,Not selected,Not selected,Not selected,Yes,Not selected,Not selected,NA,NA,NA,NA,NA,to take notes,NA,Not selected,Yes,Not selected,Not selected,Not selected,NA,NA
46,66,en,29,Female,NA,video captioner,usa,Less than once per week,Less than once per week,Less than 30 minutes,Yes,Not selected,Not selected,Yes,Not selected,Not selected,Not selected,NA,taking notes,NA,NA,taking notes,NA,NA,Not selected,Yes,Not selected,Not selected,Not selected,NA,Not selected,Yes,Not selected,Not selected,Yes,Not selected,Not selected,NA,Never,Yes,Yes,Yes,Not selected,Not selected,Not selected,Yes,Not selected,NA,Not selected,Not selected,Not selected,Not selected,Yes,Not selected,Not selected,Not selected,NA,Not selected,Not selected,Not selected,Yes,Not selected,Not selected,Not selected,NA,NA,NA,NA,recording the convo,NA,NA,Yes,Yes,Yes,Yes,Not selected,NA,NA
47,68,en,39,Female,NA,Healthcare,United States,Less than once per week,Less than once per week,Less than 30 minutes,Not selected,Not selected,Not selected,Not selected,Not selected,Yes,Not selected,NA,NA,NA,NA,NA,NA,NA,Not selected,Not selected,Not selected,Yes,Not selected,NA,Not selected,Yes,Not selected,Not selected,Not selected,Not selected,Not selected,NA,Never,Yes,Not selected,Not selected,Not selected,Not selected,Not selected,Not selected,Not selected,NA,Not selected,Not selected,Not selected,Yes,Not selected,Not selected,Not selected,Not selected,NA,Yes,Not selected,Not selected,Yes,Not selected,Not selected,Not selected,NA,taking notes,NA,NA,recording notes,NA,NA,Not selected,Yes,Yes,Not selected,Not selected,NA,NA
48,69,en,31,Male,NA,finance sector,United States,Several times per week,Once per week,1 to 2 hours,Not selected,Yes,Not selected,Not selected,Not selected,Not selected,Not selected,NA,NA,documentary,NA,NA,NA,NA,Not selected,Not selected,Not selected,Yes,Not selected,NA,Not selected,Yes,Not selected,Not selected,Not selected,Yes,Not selected,NA,1-4 times per month,Not selected,Not selected,Not selected,Yes,Not selected,Yes,Not selected,Not selected,NA,Yes,Not selected,Yes,Yes,Yes,Not selected,Not selected,Not selected,NA,Yes,Not selected,Not selected,Yes,Not selected,Not selected,Not selected,NA,shortern,NA,NA,recording,NA,NA,Not selected,Yes,Not selected,Not selected,Not selected,NA,good study
49,70,en,32,Male,NA,office clerk,USA,Several times per week,Once per week,30 minutes to 1 hour,Not selected,Yes,Not selected,Not selected,Not selected,Not selected,Not selected,NA,NA,referring to notes I need for the meeting,NA,NA,NA,NA,Not selected,Yes,Not selected,Not selected,Not selected,NA,Not selected,Not selected,Yes,Not selected,Not selected,Not selected,Not selected,NA,Never,Yes,Yes,Not selected,Not selected,Not selected,Not selected,Yes,Not selected,NA,Yes,Not selected,Not selected,Not selected,Not selected,Not selected,Not selected,Not selected,NA,Not selected,Not selected,Not selected,Yes,Not selected,Not selected,Not selected,NA,NA,NA,NA,notes,NA,NA,Not selected,Yes,Not selected,Not selected,Not selected,NA,NA
50,72,en,52,Male,NA,IT technician,USA,Several times per week,Several times per week,30 minutes to 1 hour,Not selected,Yes,Yes,Not selected,Not selected,Not selected,Not selected,NA,NA,presentation,explanation,NA,NA,NA,Not selected,Yes,Not selected,Not selected,Not selected,NA,Not selected,Not selected,Yes,Not selected,Not selected,Not selected,Not selected,NA,1-4 times per month,Yes,Yes,Yes,Yes,Not selected,Not selected,Not selected,Not selected,NA,Not selected,Yes,Yes,Yes,Not selected,Not selected,Not selected,Not selected,NA,Not selected,Yes,Not selected,Not selected,Not selected,Not selected,Not selected,NA,NA,presentation,NA,NA,NA,NA,Not selected,Yes,Yes,Not selected,Not selected,NA,NA
51,73,en,31,Male,NA,Insurance Agency,America,Several times per week,Less than once per week,Less than 30 minutes,Not selected,Yes,Not selected,Not selected,Yes,Not selected,Not selected,NA,NA,Video,NA,NA,To hear and to speak,NA,Not selected,Not selected,Not selected,Yes,Not selected,NA,Not selected,Yes,Yes,Not selected,Not selected,Not selected,Not selected,NA,1-4 times per month,Not selected,Not selected,Not selected,Yes,Not selected,Yes,Not selected,Not selected,NA,Not selected,Not selected,Not selected,Not selected,Not selected,Yes,Yes,Not selected,NA,Not selected,Not selected,Not selected,Not selected,Not selected,Yes,Not selected,NA,NA,NA,NA,NA,NA,NA,Not selected,Not selected,Not selected,Yes,Not selected,NA,NA
52,74,en,48,Female,NA,optician,United States,Less than once per week,Less than once per week,30 minutes to 1 hour,Yes,Not selected,Not selected,Not selected,Not selected,Not selected,Not selected,NA,making notes,NA,NA,NA,NA,NA,Not selected,Yes,Not selected,Not selected,Not selected,NA,Not selected,Yes,Not selected,Not selected,Not selected,Not selected,Not selected,NA,Less than once per month,Not selected,Not selected,Not selected,Yes,Yes,Not selected,Not selected,Not selected,NA,Yes,Not selected,Yes,Not selected,Not selected,Not selected,Not selected,Not selected,NA,Not selected,Not selected,Not selected,Not selected,Not selected,Yes,Not selected,NA,NA,NA,NA,NA,NA,NA,Not selected,Yes,Not selected,Not selected,Not selected,NA,NA
53,76,en,29,Female,NA,educational services,united states of america,Every day,Several times per week,1 to 2 hours,Not selected,Yes,Not selected,Yes,Not selected,Not selected,Not selected,NA,NA,tying the sppeches,NA,reccording the sppeches and taking photographs,NA,NA,Not selected,Not selected,Yes,Yes,Not selected,NA,Not selected,Not selected,Yes,Not selected,Yes,Not selected,Not selected,NA,1-4 times per month,Not selected,Yes,Not selected,Not selected,Not selected,Yes,Not selected,Not selected,NA,Not selected,Not selected,Yes,Not selected,Not selected,Yes,Not selected,Not selected,NA,Not selected,Not selected,Not selected,Yes,Not selected,Not selected,Not selected,NA,NA,NA,NA,taking photographs and speeches,NA,NA,Not selected,Yes,Not selected,Not selected,Not selected,NA,nice  survey
54,77,en,27,Male,NA,Retail,USA,Every day,Every day,More than 2 hours,Not selected,Yes,Not selected,Yes,Not selected,Not selected,Not selected,NA,NA,project working purpose only,NA,using conversion,NA,NA,Not selected,Yes,Yes,Not selected,Not selected,NA,Not selected,Not selected,Yes,Yes,Yes,Not selected,Not selected,NA,1-4 times per month,Not selected,Yes,Not selected,Yes,Not selected,Yes,Not selected,Not selected,NA,Not selected,Not selected,Not selected,Yes,Yes,Not selected,Not selected,Not selected,NA,Not selected,Yes,Not selected,Yes,Not selected,Not selected,Not selected,NA,NA,project work olny,NA,conversesion purpose only,NA,NA,Not selected,Yes,Not selected,Not selected,Not selected,NA,good one
55,78,en,25,Male,NA,Nursing,United States,Once per week,Once per week,Less than 30 minutes,Not selected,Yes,Not selected,Not selected,Not selected,Not selected,Not selected,NA,NA,Noting down important points,NA,NA,NA,NA,Not selected,Not selected,Yes,Not selected,Not selected,NA,Not selected,Not selected,Yes,Not selected,Not selected,Not selected,Not selected,NA,Less than once per month,Not selected,Not selected,Not selected,Not selected,Yes,Not selected,Not selected,Not selected,NA,Yes,Not selected,Not selected,Not selected,Not selected,Not selected,Not selected,Not selected,NA,Not selected,Not selected,Not selected,Yes,Not selected,Not selected,Not selected,NA,NA,NA,NA,Recording important points.,NA,NA,Not selected,Not selected,Not selected,Yes,Not selected,NA,Technology use during meeting i would not prefer walking meeting.
56,80,en,30,Male,NA,BUSINESS,UNITED STATES,Once per week,Several times per week,1 to 2 hours,Not selected,Yes,Not selected,Yes,Not selected,Not selected,Not selected,NA,NA,USING DOCUMENTS,NA,THEN SAVING DOCUMENTS,NA,NA,Not selected,Not selected,Not selected,Yes,Not selected,NA,Not selected,Yes,Yes,Yes,Not selected,Yes,Not selected,NA,1-4 times per month,Yes,Yes,Not selected,Yes,Not selected,Not selected,Not selected,Not selected,NA,Yes,Yes,Yes,Not selected,Not selected,Not selected,Not selected,Not selected,NA,Yes,Yes,Yes,Yes,Yes,Not selected,Not selected,NA,NOTES,DOCUMENTS,PICTURES,PHOTOS,NEXT USEFUL,NA,Not selected,Yes,Yes,Not selected,Not selected,NA,GOOD
57,85,en,31,Male,NA,admin,us,Several times per week,Once per week,30 minutes to 1 hour,Not selected,Not selected,Not selected,Yes,Not selected,Not selected,Not selected,NA,NA,NA,NA,contact,NA,NA,Not selected,Yes,Not selected,Not selected,Not selected,NA,Not selected,Not selected,Not selected,Yes,Not selected,Not selected,Not selected,NA,1-4 times per month,Not selected,Not selected,Not selected,Yes,Not selected,Not selected,Not selected,Not selected,NA,Not selected,Yes,Not selected,Not selected,Not selected,Not selected,Not selected,Not selected,NA,Not selected,Not selected,Not selected,Yes,Not selected,Not selected,Not selected,NA,NA,NA,NA,taking notes,NA,NA,Not selected,Yes,Not selected,Not selected,Not selected,NA,NA
58,81,en,27,Female,NA,customer support,United States,Once per week,Several times per week,30 minutes to 1 hour,Not selected,Yes,Not selected,Not selected,Not selected,Not selected,Not selected,NA,NA,chat and working,NA,NA,NA,NA,Not selected,Yes,Not selected,Not selected,Not selected,NA,Not selected,Yes,Not selected,Not selected,Not selected,Not selected,Not selected,NA,Less than once per month,Yes,Not selected,Not selected,Yes,Not selected,Not selected,Not selected,Not selected,NA,Not selected,Not selected,Not selected,Not selected,Yes,Yes,Not selected,Not selected,NA,Yes,Yes,Not selected,Not selected,Not selected,Not selected,Not selected,NA,for taking notes,presentation,NA,NA,NA,NA,Yes,Yes,Not selected,Not selected,Not selected,NA,NA
59,82,en,49,Male,NA,Fashion stylist,United States,Once per week,Several times per week,30 minutes to 1 hour,Not selected,Not selected,Not selected,Yes,Not selected,Not selected,Not selected,NA,NA,NA,NA,jotting down points being raised during the meeting,NA,NA,Not selected,Not selected,Not selected,Yes,Not selected,NA,Not selected,Not selected,Not selected,Yes,Not selected,Not selected,Not selected,NA,Less than once per month,Yes,Yes,Not selected,Yes,Not selected,Not selected,Yes,Not selected,NA,Yes,Not selected,Yes,Not selected,Yes,Not selected,Not selected,Not selected,NA,Not selected,Not selected,Not selected,Not selected,Yes,Not selected,Not selected,NA,NA,NA,NA,NA,recording our conversations for future purpose,NA,Not selected,Not selected,Yes,Yes,Not selected,NA,NA
60,83,en,47,Female,NA,software engineer,canada,Every day,Every day,30 minutes to 1 hour,Yes,Yes,Not selected,Yes,Not selected,Not selected,Not selected,NA,to jot down numbers or quick things to remember,to give presentations and to also watch othr presentations and talk to people,NA,to keep track of time and reminders set for me for the day for next meetings,NA,NA,Not selected,Yes,Not selected,Not selected,Not selected,NA,Not selected,Yes,Yes,Not selected,Not selected,Not selected,Not selected,NA,More than 4 times per month,Yes,Yes,Not selected,Not selected,Not selected,Not selected,Yes,Not selected,NA,Yes,Not selected,Not selected,Not selected,Not selected,Not selected,Yes,Not selected,NA,Not selected,Not selected,Not selected,Yes,Not selected,Not selected,Not selected,NA,NA,NA,NA,taking or making a phone call for the meeting and to also keep track of time,NA,NA,Not selected,Yes,Yes,Not selected,Not selected,NA,none
61,1,en,28,Male,NA,PhD,Germany,Several times per week,Several times per week,30 minutes to 1 hour,Yes,Yes,Yes,Yes,Not selected,Not selected,Not selected,NA,Notes,"Notes, looking up info",Notes,"Looking up info, notes",NA,NA,Not selected,Yes,Not selected,Yes,Not selected,NA,Not selected,Yes,Yes,Yes,Yes,Not selected,Not selected,NA,Less than once per month,Yes,Yes,Yes,Not selected,Not selected,Not selected,Yes,Not selected,NA,Yes,Yes,Not selected,Yes,Yes,Not selected,Yes,Not selected,NA,Not selected,Not selected,Not selected,Yes,Not selected,Not selected,Not selected,NA,NA,NA,NA,"Looking up info, quick notes",NA,NA,Yes,Yes,Yes,Yes,Not selected,NA,NA
62,3,en,55,Male,NA,Pharmacist,Canada,Once per week,Once per week,30 minutes to 1 hour,Not selected,Not selected,Yes,Not selected,Not selected,Not selected,Not selected,NA,NA,NA,"Note taking, minutes",NA,NA,NA,Not selected,Not selected,Not selected,Yes,Not selected,NA,Not selected,Not selected,Not selected,Yes,Not selected,Not selected,Not selected,NA,Never,Not selected,Not selected,Not selected,Not selected,Not selected,Not selected,Not selected,Yes,NA,Yes,Yes,Not selected,Not selected,Not selected,Yes,Yes,Not selected,NA,Not selected,Not selected,Yes,Yes,Not selected,Not selected,Not selected,NA,NA,NA,Note taking,Audio recording,NA,NA,Not selected,Not selected,Not selected,Not selected,Yes,NA,"My meeting are of a financial nature and client confidentiality must be maintained, this would be difficult in a moving outside environment"
63,4,en,55,Female,NA,Pharmacist,Canada,Several times per week,Once per week,Less than 30 minutes,Yes,Not selected,Not selected,Not selected,Not selected,Not selected,Not selected,NA,Write down points to follow up and/or complete,NA,NA,NA,NA,NA,Not selected,Yes,Not selected,Not selected,Not selected,NA,Not selected,Yes,Not selected,Not selected,Not selected,Not selected,Not selected,NA,Never,Yes,Yes,Not selected,Not selected,Not selected,Not selected,Not selected,Not selected,NA,Yes,Not selected,Yes,Not selected,Not selected,Yes,Not selected,Not selected,NA,Not selected,Not selected,Not selected,Yes,Not selected,Not selected,Not selected,NA,NA,NA,NA,Add a note,NA,NA,Not selected,Yes,Not selected,Not selected,Not selected,NA,It is difficult to maintain confidentiality during a walking meeting.
64,5,en,26,Female,NA,Student,Canada,Several times per week,Less than once per week,1 to 2 hours,Not selected,Yes,Yes,Not selected,Not selected,Not selected,Not selected,NA,NA,Viewing online information from my curriculum,Making notes,NA,NA,NA,Not selected,Not selected,Not selected,Yes,Not selected,NA,Not selected,Not selected,Not selected,Yes,Not selected,Not selected,Not selected,NA,Never,Yes,Yes,Not selected,Not selected,Not selected,Not selected,Not selected,Not selected,NA,Yes,Not selected,Not selected,Yes,Not selected,Not selected,Not selected,Not selected,NA,Not selected,Not selected,Not selected,Yes,Not selected,Yes,Not selected,NA,NA,NA,NA,Writing down ideas or recording,NA,NA,Not selected,Not selected,Not selected,Yes,Not selected,NA,NA
65,6,en,28,Female,NA,phd student,germany,Multiple times per day,Multiple times per day,30 minutes to 1 hour,Yes,Yes,Not selected,Yes,Not selected,Not selected,Not selected,NA,nothing,nothing,NA,note taking,NA,NA,Not selected,Not selected,Not selected,Yes,Not selected,NA,Not selected,Yes,Yes,Not selected,Not selected,Not selected,Not selected,NA,Less than once per month,Yes,Yes,Yes,Yes,Yes,Not selected,Not selected,Not selected,NA,Yes,Yes,Yes,Yes,Yes,Yes,Not selected,Yes,more auditory and visual distractions in an urban environment,Not selected,Not selected,Not selected,Yes,Not selected,Not selected,Not selected,NA,NA,NA,NA,note taking,NA,NA,Not selected,Yes,Yes,Yes,Not selected,NA,NA
66,9,en,29,Male,NA,Lawyer,Canada,Multiple times per day,Multiple times per day,Less than 30 minutes,Yes,Not selected,Not selected,Not selected,Not selected,Yes,Not selected,NA,Taking notes to remind myself what was said,NA,NA,NA,NA,NA,Yes,Yes,Not selected,Not selected,Not selected,NA,Yes,Yes,Not selected,Not selected,Not selected,Not selected,Not selected,NA,Less than once per month,Yes,Yes,Yes,Yes,Yes,Not selected,Yes,Not selected,NA,Not selected,Not selected,Not selected,Yes,Not selected,Not selected,Not selected,Not selected,NA,Yes,Not selected,Not selected,Not selected,Yes,Not selected,Not selected,NA,Jotting notes to remind myself of particularly important details,NA,NA,NA,Recording the conversation to listen to later,NA,Not selected,Yes,Yes,Yes,Not selected,NA,NA
67,8,en,29,Female,NA,PhD student,Germany,Every day,Several times per week,30 minutes to 1 hour,Yes,Yes,Not selected,Yes,Not selected,Not selected,Not selected,NA,"noting to-dos, sometimes also a summary of the meeting","noting to-dos and summary of the meeting, sharing my screen for a presentation",NA,"messaging, quick searches",NA,NA,Not selected,Not selected,Not selected,Yes,Not selected,NA,Not selected,Yes,Yes,Not selected,Not selected,Not selected,Not selected,NA,Less than once per month,Not selected,Yes,Not selected,Yes,Yes,Not selected,Not selected,Not selected,NA,Yes,Yes,Not selected,Not selected,Not selected,Not selected,Not selected,Not selected,NA,Not selected,Not selected,Not selected,Yes,Not selected,Not selected,Not selected,NA,NA,NA,NA,"noting down key points, quick searches",NA,NA,Not selected,Yes,Not selected,Yes,Not selected,NA,"For physical activity, I would usually walk fast. I doubt that this would be the case in a meeting, so I don't really see it as exercise.I could very well imagine phone meetings while walking because in that case, I can decide where I want to go and can also pause to take notes"
68,10,en,29,Male,NA,Project Manager,Canada,Once per week,Less than once per week,1 to 2 hours,Yes,Yes,Yes,Yes,Not selected,Not selected,Not selected,NA,Notes,Emails,Video chat,Chatting to employees about discussed options,NA,NA,Not selected,Yes,Not selected,Not selected,Not selected,NA,Not selected,Yes,Not selected,Not selected,Not selected,Not selected,Not selected,NA,Never,Yes,Yes,Not selected,Not selected,Not selected,Not selected,Not selected,Not selected,NA,Yes,Yes,Yes,Not selected,Yes,Not selected,Not selected,Not selected,NA,Not selected,Not selected,Not selected,Not selected,Yes,Not selected,Not selected,NA,NA,NA,NA,NA,Notes,NA,Yes,Yes,Yes,Yes,Not selected,NA,NA
69,11,en,28,Male,NA,Reliability Engineer,Canada,Several times per week,Once per week,30 minutes to 1 hour,Yes,Not selected,Not selected,Yes,Not selected,Not selected,Not selected,NA,Take notes,NA,NA,Look up information or check emails,NA,NA,Not selected,Yes,Not selected,Not selected,Not selected,NA,Not selected,Yes,Not selected,Not selected,Not selected,Not selected,Not selected,NA,Never,Yes,Yes,Not selected,Not selected,Not selected,Not selected,Yes,Not selected,NA,Yes,Not selected,Not selected,Not selected,Not selected,Not selected,Not selected,Not selected,NA,Not selected,Not selected,Not selected,Not selected,Not selected,Yes,Not selected,NA,NA,NA,NA,NA,NA,NA,Yes,Yes,Yes,Yes,Not selected,NA,NA
70,13,en,28,Male,NA,Trades,Canada,Several times per week,Once per week,30 minutes to 1 hour,Not selected,Not selected,Not selected,Yes,Not selected,Not selected,Not selected,NA,NA,NA,NA,Notes,NA,NA,Not selected,Not selected,Not selected,Yes,Not selected,NA,Not selected,Not selected,Not selected,Not selected,Yes,Not selected,Not selected,NA,Never,Yes,Yes,Yes,Not selected,Not selected,Not selected,Not selected,Not selected,NA,Not selected,Not selected,Not selected,Not selected,Yes,Not selected,Not selected,Not selected,NA,Not selected,Not selected,Not selected,Yes,Not selected,Not selected,Not selected,NA,NA,NA,NA,Easy to move with,NA,NA,Not selected,Yes,Not selected,Not selected,Not selected,NA,NA
71,14,en,26,Male,NA,Data Engineer,Canada,Every day,Several times per week,30 minutes to 1 hour,Yes,Yes,Not selected,Not selected,Not selected,Not selected,Not selected,NA,I make records of what I have done previously in my notebook. I reference my notebook on meets.,"Look at tasks (JIRA software), emails, Microsoft teams, and monitor processes",NA,NA,NA,NA,Not selected,Yes,Not selected,Not selected,Not selected,NA,Not selected,Yes,Not selected,Not selected,Not selected,Not selected,Not selected,NA,Never,Yes,Yes,Not selected,Not selected,Yes,Not selected,Yes,Not selected,NA,Yes,Yes,Not selected,Not selected,Yes,Not selected,Not selected,Not selected,NA,Not selected,Not selected,Not selected,Yes,Not selected,Not selected,Not selected,NA,NA,NA,NA,"Always have it on me. Could take notes, check emails etc.",NA,NA,Not selected,Yes,Yes,Yes,Not selected,NA,If tech is used for walking meetings could 'tech neck' be considered.
72,15,en,26,Male,NA,Engineer,Canada,Several times per week,Once per week,30 minutes to 1 hour,Yes,Yes,Not selected,Not selected,Not selected,Not selected,Not selected,NA,Notes,Presentation,NA,NA,NA,NA,Not selected,Not selected,Not selected,Yes,Not selected,NA,Not selected,Yes,Not selected,Not selected,Not selected,Not selected,Not selected,NA,Never,Yes,Yes,Yes,Yes,Yes,Yes,Yes,Not selected,NA,Not selected,Yes,Yes,Not selected,Not selected,Not selected,Not selected,Yes,Hasnt been presented as an option for small meetings,Not selected,Not selected,Not selected,Yes,Not selected,Not selected,Not selected,NA,NA,NA,NA,Audio recording / call functionality to connect to colleagues in other parts of the country,NA,NA,Not selected,Yes,Yes,Yes,Not selected,NA,NA
73,16,en,26,Female,NA,Occupational Therapist,Canada,Several times per week,Several times per week,30 minutes to 1 hour,Yes,Yes,Not selected,Not selected,Not selected,Not selected,Not selected,NA,Take quick notes,Send emails or schedule appointments,NA,NA,NA,NA,Not selected,Yes,Not selected,Yes,Not selected,NA,Not selected,Yes,Yes,Not selected,Not selected,Not selected,Not selected,NA,Never,Yes,Yes,Yes,Yes,Yes,Yes,Yes,Not selected,NA,Yes,Not selected,Yes,Not selected,Yes,Not selected,Not selected,Not selected,NA,Not selected,Not selected,Not selected,Yes,Not selected,Not selected,Not selected,NA,NA,NA,NA,Take any notes or set reminders,NA,NA,Yes,Yes,Yes,Yes,Not selected,NA,NA
74,17,en,25,Female,NA,Business Intelligence Analyst,Canada,Multiple times per day,Several times per week,30 minutes to 1 hour,Yes,Yes,Not selected,Yes,Not selected,Not selected,Not selected,NA,Note taking,Presenting,NA,Check email,NA,NA,Not selected,Not selected,Not selected,Yes,Not selected,NA,Not selected,Yes,Not selected,Not selected,Not selected,Not selected,Not selected,NA,Never,Yes,Yes,Not selected,Not selected,Not selected,Not selected,Yes,Not selected,NA,Yes,Yes,Yes,Not selected,Yes,Yes,Yes,Not selected,NA,Not selected,Not selected,Not selected,Yes,Not selected,Not selected,Not selected,NA,NA,NA,NA,Note taking,NA,NA,Yes,Not selected,Not selected,Yes,Not selected,NA,NA
75,18,en,22,Female,NA,Student,USA,Once per week,Less than once per week,1 to 2 hours,Yes,Not selected,Not selected,Yes,Not selected,Not selected,Not selected,NA,making to do lists and taking notes.,NA,NA,"keeping track of time, referencing emails.",NA,NA,Not selected,Yes,Not selected,Not selected,Not selected,NA,Not selected,Yes,Not selected,Not selected,Not selected,Not selected,Not selected,NA,Never,Yes,Yes,Not selected,Not selected,Not selected,Not selected,Not selected,Not selected,NA,Yes,Not selected,Not selected,Yes,Not selected,Not selected,Yes,Not selected,NA,Not selected,Not selected,Not selected,Not selected,Not selected,Yes,Not selected,NA,NA,NA,NA,NA,NA,NA,Not selected,Not selected,Not selected,Yes,Not selected,NA,NA
76,22,en,30,Female,NA,Research assistant,USA,Several times per week,Once per week,30 minutes to 1 hour,Yes,Yes,Not selected,Yes,Not selected,Not selected,Not selected,NA,Taking notes and writing out ideas,Sharing info/ writing things to do,NA,Checking the time,NA,NA,Not selected,Yes,Not selected,Not selected,Not selected,NA,Not selected,Yes,Yes,Not selected,Not selected,Not selected,Not selected,NA,Less than once per month,Yes,Yes,Not selected,Not selected,Not selected,Yes,Not selected,Not selected,NA,Yes,Not selected,Yes,Yes,Not selected,Not selected,Yes,Not selected,NA,Not selected,Not selected,Not selected,Not selected,Not selected,Yes,Not selected,NA,NA,NA,NA,NA,NA,NA,Yes,Yes,Yes,Yes,Not selected,NA,NA
77,23,en,25,Female,NA,Researcher,Canada,Several times per week,Several times per week,30 minutes to 1 hour,Yes,Yes,Not selected,Yes,Not selected,Not selected,Not selected,NA,to do lists and notes,"documents, research, and reference",NA,"checking the time, apps if necessary",NA,NA,Not selected,Yes,Not selected,Not selected,Not selected,NA,Not selected,Yes,Yes,Not selected,Not selected,Not selected,Not selected,NA,Never,Yes,Yes,Yes,Not selected,Not selected,Not selected,Not selected,Not selected,NA,Yes,Yes,Not selected,Yes,Not selected,Not selected,Yes,Not selected,NA,Not selected,Not selected,Not selected,Yes,Not selected,Not selected,Not selected,NA,NA,NA,NA,"notes, checking the time, apps, reference, documents",NA,NA,Not selected,Not selected,Not selected,Not selected,Yes,NA,NA
78,26,en,42,Male,NA,Lecturer,Germany,Multiple times per day,Every day,30 minutes to 1 hour,Yes,Yes,Not selected,Not selected,Not selected,Not selected,Not selected,NA,"Recording, articulating ideas","Referencing, collaborative work, sharing docs, scheduling",NA,NA,NA,NA,Not selected,Not selected,Not selected,Yes,Not selected,NA,Not selected,Yes,Yes,Not selected,Not selected,Not selected,Not selected,NA,Less than once per month,Yes,Yes,Not selected,Not selected,Yes,Not selected,Yes,Not selected,NA,Not selected,Yes,Yes,Yes,Not selected,Not selected,Not selected,Not selected,NA,Not selected,Not selected,Not selected,Not selected,Not selected,Yes,Not selected,NA,NA,NA,NA,NA,NA,NA,Yes,Yes,Yes,Not selected,Not selected,NA,"I read that Amos Tversky and Daniel Kahneman only had long walking meetings, every day."
79,27,en,27,Female,NA,Student,Belgium,Several times per week,Less than once per week,30 minutes to 1 hour,Yes,Yes,Not selected,Not selected,Not selected,Not selected,Not selected,NA,quick note,present demo,NA,NA,NA,NA,Not selected,Not selected,Not selected,Yes,Not selected,NA,Not selected,Yes,Not selected,Not selected,Not selected,Not selected,Not selected,NA,Less than once per month,Yes,Yes,Not selected,Not selected,Not selected,Not selected,Not selected,Not selected,NA,Yes,Yes,Yes,Not selected,Yes,Not selected,Not selected,Yes,"Only suit for some small topic, but not for serious problem",Not selected,Not selected,Not selected,Yes,Yes,Not selected,Not selected,NA,NA,NA,NA,show/take some picture; emergency call,record the meeting,NA,Not selected,Not selected,Not selected,Yes,Not selected,NA,NA
80,28,en,60,Male,NA,Software Engineer,United States,Several times per week,Once per week,30 minutes to 1 hour,Not selected,Yes,Not selected,Yes,Not selected,Not selected,Not selected,NA,NA,"Taking notes (Notezilla or Evernote), task list",NA,Recording or photographing the whiteboard,NA,NA,Not selected,Yes,Not selected,Not selected,Not selected,NA,Not selected,Not selected,Yes,Not selected,Not selected,Not selected,Not selected,NA,Less than once per month,Not selected,Not selected,Yes,Yes,Not selected,Not selected,Not selected,Not selected,NA,Yes,Not selected,Not selected,Yes,Not selected,Not selected,Not selected,Not selected,NA,Not selected,Not selected,Not selected,Yes,Not selected,Not selected,Not selected,NA,NA,NA,NA,communication and recording audio notes,NA,NA,Yes,Not selected,Not selected,Yes,Not selected,NA,"Cogi and Google's Recorder are useful tools. I tap 4 times to mark an important event. Better to walk around a park or a campus, not a road with cars!"
81,30,en,32,Male,NA,Postdoc researcher,Canada,Several times per week,Less than once per week,30 minutes to 1 hour,Yes,Yes,Not selected,Not selected,Not selected,Not selected,Not selected,NA,for keeping notes/ sketching,"showing/searching relevant information (papers, figures, presentations) and notes/sketching",NA,NA,NA,NA,Not selected,Not selected,Not selected,Yes,Not selected,NA,Not selected,Yes,Yes,Not selected,Not selected,Not selected,Not selected,NA,Less than once per month,Yes,Yes,Yes,Not selected,Yes,Not selected,Not selected,Not selected,NA,Yes,Yes,Yes,Yes,Not selected,Not selected,Not selected,Not selected,NA,Not selected,Not selected,Not selected,Yes,Not selected,Not selected,Not selected,NA,NA,NA,NA,note taking and quick visuals,NA,NA,Not selected,Yes,Not selected,Yes,Not selected,NA,NA
82,32,en,25,Male,NA,Graduate Student,Canada,Several times per week,Less than once per week,30 minutes to 1 hour,Not selected,Not selected,Yes,Not selected,Not selected,Not selected,Not selected,NA,NA,NA,Taking notes,NA,NA,NA,Not selected,Yes,Not selected,Not selected,Not selected,NA,Not selected,Yes,Not selected,Yes,Not selected,Not selected,Not selected,NA,Never,Yes,Not selected,Not selected,Yes,Not selected,Not selected,Not selected,Not selected,NA,Yes,Yes,Not selected,Not selected,Not selected,Not selected,Yes,Not selected,NA,Not selected,Not selected,Not selected,Yes,Not selected,Not selected,Not selected,NA,NA,NA,NA,Record the conversation or take small notes if needed,NA,NA,Not selected,Yes,Yes,Not selected,Not selected,NA,NA
83,33,en,34,Female,NA,artist,germany,Multiple times per day,Multiple times per day,1 to 2 hours,Not selected,Yes,Not selected,Not selected,Not selected,Not selected,Not selected,NA,NA,making notes,NA,NA,NA,NA,Not selected,Yes,Not selected,Not selected,Not selected,NA,Not selected,Yes,Yes,Not selected,Not selected,Not selected,Not selected,NA,Never,Not selected,Not selected,Yes,Yes,Yes,Not selected,Yes,Not selected,NA,Yes,Not selected,Yes,Not selected,Not selected,Not selected,Not selected,Not selected,NA,Yes,Not selected,Not selected,Not selected,Not selected,Not selected,Not selected,NA,"taking notes, sketching",NA,NA,NA,NA,NA,Yes,Yes,Yes,Not selected,Not selected,NA,NA
84,34,en,32,Female,NA,Architekt,Austria,Less than once per week,Less than once per week,30 minutes to 1 hour,Not selected,Not selected,Not selected,Yes,Not selected,Not selected,Yes,NA,NA,NA,NA,Talking,NA,NA,Not selected,Yes,Not selected,Not selected,Not selected,NA,Not selected,Yes,Yes,Not selected,Not selected,Not selected,Not selected,NA,Never,Not selected,Not selected,Not selected,Not selected,Not selected,Not selected,Not selected,Yes,NA,Yes,Yes,Yes,Yes,Not selected,Not selected,Not selected,Not selected,NA,Not selected,Not selected,Yes,Yes,Not selected,Not selected,Not selected,NA,NA,NA,video conference,conference,NA,NA,Not selected,Yes,Not selected,Not selected,Not selected,NA,NA
85,35,en,30,Female,NA,Psychologist,Austria,Several times per week,Every day,Less than 30 minutes,Yes,Not selected,Not selected,Yes,Not selected,Not selected,Not selected,NA,"taking notes, write reminders",NA,NA,checking the calender,NA,NA,Not selected,Not selected,Not selected,Yes,Not selected,NA,Not selected,Yes,Not selected,Not selected,Not selected,Not selected,Not selected,NA,Never,Yes,Yes,Not selected,Yes,Not selected,Yes,Yes,Not selected,NA,Not selected,Not selected,Not selected,Not selected,Not selected,Not selected,Not selected,Yes,never thought about it,Not selected,Not selected,Not selected,Not selected,Not selected,Yes,Not selected,NA,NA,NA,NA,NA,NA,NA,Yes,Yes,Not selected,Not selected,Not selected,NA,NA
86,36,en,62,Male,NA,Programmer,Austria,Several times per week,Several times per week,30 minutes to 1 hour,Yes,Not selected,Not selected,Not selected,Not selected,Not selected,Not selected,NA,notes,NA,NA,NA,NA,NA,Not selected,Not selected,Not selected,Yes,Not selected,NA,Not selected,Yes,Not selected,Not selected,Not selected,Not selected,Not selected,NA,Never,Not selected,Not selected,Not selected,Not selected,Not selected,Yes,Yes,Not selected,NA,Not selected,Not selected,Yes,Not selected,Not selected,Not selected,Not selected,Not selected,NA,Yes,Not selected,Not selected,Not selected,Not selected,Not selected,Not selected,NA,fix follow ups,NA,NA,NA,NA,NA,Not selected,Yes,Not selected,Not selected,Not selected,NA,NA
87,37,en,32,Female,NA,Eventmanager,Austria,Once per week,Once per week,1 to 2 hours,Yes,Yes,Not selected,Yes,Not selected,Not selected,Not selected,NA,taking notea,Showing presentations,NA,Looking up something i dont know or checking social media,NA,NA,Not selected,Not selected,Not selected,Yes,Not selected,NA,Not selected,Yes,Not selected,Not selected,Not selected,Not selected,Not selected,NA,Never,Yes,Not selected,Not selected,Yes,Not selected,Not selected,Not selected,Not selected,NA,Yes,Not selected,Not selected,Not selected,Yes,Not selected,Not selected,Not selected,NA,Not selected,Not selected,Not selected,Yes,Not selected,Not selected,Not selected,NA,NA,NA,NA,For everything,NA,NA,Yes,Yes,Not selected,Not selected,Not selected,NA,NA
88,38,en,29,Female,NA,Hospitality - Front Office Manager,Austria,Multiple times per day,Several times per week,30 minutes to 1 hour,Yes,Not selected,Not selected,Not selected,Not selected,Not selected,Not selected,NA,Notes,NA,NA,NA,NA,NA,Not selected,Not selected,Not selected,Yes,Not selected,NA,Not selected,Yes,Not selected,Not selected,Not selected,Not selected,Not selected,NA,1-4 times per month,Not selected,Not selected,Yes,Yes,Not selected,Yes,Not selected,Not selected,NA,Yes,Yes,Yes,Not selected,Not selected,Not selected,Not selected,Not selected,NA,Yes,Not selected,Not selected,Yes,Not selected,Not selected,Not selected,NA,Notes,NA,NA,Notes,NA,NA,Yes,Yes,Yes,Not selected,Not selected,NA,NA
89,39,en,25,Female,NA,Junior software engineer,Germany,Several times per week,Once per week,Less than 30 minutes,Yes,Yes,Not selected,Yes,Not selected,Not selected,Not selected,NA,"Taking notes, sketch ideas...",Taking notes to share with others and for presentations,NA,To make sure Im available,NA,NA,Not selected,Not selected,Not selected,Yes,Not selected,NA,Not selected,Yes,Yes,Not selected,Not selected,Not selected,Not selected,NA,Less than once per month,Yes,Yes,Not selected,Yes,Not selected,Not selected,Not selected,Not selected,NA,Yes,Yes,Not selected,Yes,Not selected,Not selected,Yes,Not selected,NA,Yes,Not selected,Yes,Not selected,Yes,Not selected,Not selected,NA,"Sketch ideas, make rough notes",NA,"Notes, sketches, presentation",NA,Would only use it if I have to remember a lot of details from the meeting,NA,Not selected,Yes,Yes,Yes,Not selected,NA,NA
90,40,en,25,Female,NA,Student,Germany,Several times per week,Once per week,30 minutes to 1 hour,Yes,Not selected,Yes,Yes,Not selected,Not selected,Not selected,NA,taking notes,NA,"taking notes, showing data",nothing,NA,NA,Not selected,Yes,Not selected,Yes,Not selected,NA,Not selected,Yes,Not selected,Yes,Not selected,Not selected,Not selected,NA,Never,Yes,Yes,Yes,Not selected,Not selected,Not selected,Yes,Not selected,NA,Yes,Yes,Not selected,Yes,Not selected,Not selected,Not selected,Not selected,NA,Not selected,Not selected,Not selected,Yes,Not selected,Not selected,Not selected,NA,NA,NA,NA,Audio recording,NA,NA,Yes,Yes,Not selected,Not selected,Not selected,NA,10/10 survey. Well done!
91,42,en,24,Female,NA,Teacher,Greece,Less than once per week,Less than once per week,Less than 30 minutes,Yes,Yes,Not selected,Yes,Not selected,Not selected,Not selected,NA,Taking notes,Presentations,NA,"Notes, e-mails",NA,NA,Not selected,Not selected,Not selected,Yes,Not selected,NA,Not selected,Yes,Not selected,Not selected,Not selected,Not selected,Not selected,NA,Never,Yes,Yes,Not selected,Yes,Not selected,Not selected,Not selected,Not selected,NA,Yes,Yes,Yes,Not selected,Not selected,Not selected,Not selected,Not selected,NA,Not selected,Not selected,Not selected,Yes,Not selected,Not selected,Not selected,NA,NA,NA,NA,Taking notes or using it as an audio recording device to help me with taking notes,NA,NA,Not selected,Yes,Not selected,Yes,Not selected,NA,NA
